{
    "package_version": "1.0",
    "id": "864dd315-1ab9-457d-a265-15e6df0e496b",
    "type": "client-app",
    "name": "Add-on containing tiles(s)",
    "description": "Tiles: [sampletile-gauge]",
    "minimum_version": "0000",
    "icon_16": "extension-16.png",
    "icon_48": "extension-48.png",
    "icon_128": "extension-128.png",
    "released_on": "2013-03-08T19:11:11.234Z",
    "register_url": "%serviceURL%/jive/oauth/register",
    "unregister_url": "%serviceURL%/jive/oauth/unregister",
    "service_url": "http://confident-mothership-49-157150.usw1.nitrousbox.com:3000",
    "redirect_url": "%serviceURL%"
}